Lambda,Index,Accuracy,Cost,Loss,EtaMin,EtaMax,Cycles,n_s,Batchsize
0.002,396,0.5094,1.3819847288661067,1.3819767288661067,1e-05,0.1,2,900.0,100
0.0022500000000000003,399,0.515,1.3803803812815238,1.380371381281524,1e-05,0.1,2,900.0,100
0.0025,395,0.5112,1.3883135576835754,1.3883035576835754,1e-05,0.1,2,900.0,100
0.00275,391,0.511,1.3941147920898989,1.3941037920898989,1e-05,0.1,2,900.0,100
0.003,396,0.5104,1.3943938583929754,1.3943818583929755,1e-05,0.1,2,900.0,100
